Segment,customers,churn_rate,avg_monetary,avg_frequency,avg_recency
Potential Loyalist,11097,0.9667477696674777,139.5795782643958,1.0421735604217357,1516.9659367396594
Champions,6553,0.805737830001526,417.9615519609339,2.2945215931634366,608.1181138409888
Loyal Customers,6180,0.9166666666666666,248.27385922330097,1.4567961165048544,1048.504368932039
At Risk,3004,1.0,67.36051930758988,1.0,2186.1011984021306
